{
  "best_epoch": 1,
  "gat_acc": 0.6720085470085471,
  "gat_f1": 0.6380294524882448,
  "yolo_acc": 0.6888888888888889,
  "yolo_f1": 0.6651785080440564
}