{
  "mode": "gat_node",
  "masked_pretrain_acc": null,
  "test": {
    "gat_acc": 0.7558567523956299,
    "yolo_acc": 0.7808325290679932,
    "gat_f1": 0.7381066060961056,
    "yolo_f1": 0.7883583662362726,
    "fp_reject": 0.2136717140674591,
    "mean_gate": 0.31651976704597473,
    "gate_fg": 0.323368638753891,
    "n": 5165
  }
}