{
  "mode": "gat_edge",
  "masked_pretrain_acc": null,
  "test": {
    "gat_acc": 0.731848955154419,
    "yolo_acc": 0.7808325290679932,
    "gat_f1": 0.7253185446186345,
    "yolo_f1": 0.7883583662362726,
    "fp_reject": 0.3393368721008301,
    "mean_gate": 0.40612220764160156,
    "gate_fg": 0.42041492462158203,
    "n": 5165
  }
}