{
  "mode": "mlp",
  "masked_pretrain_acc": null,
  "test": {
    "gat_acc": 0.7717328071594238,
    "yolo_acc": 0.7808325290679932,
    "gat_f1": 0.7388910691482877,
    "yolo_f1": 0.7883583662362726,
    "fp_reject": 0.02333196811378002,
    "mean_gate": 0.45819252729415894,
    "gate_fg": 0.47564539313316345,
    "n": 5165
  }
}